Name,Release,Img,Price
Travis Scott x Air Jordan 1 Low OG 'Velvet Brown',Do. 09. Jan. 2025 – 07:00,"https://www.datocms-assets.com/24293/1734263244-14389b2fd0a993b839ad359d2405a7a1ff439f76-1966x1229.png?dpr=0.25&amp;fm=webp&amp;max-h=105&amp;max-w=103845 480w,https://www.datocms-assets.com/24293/1734263244-14389b2fd0a993b839ad359d2405a7a1ff439f76-1966x1229.png?dpr=0.5&amp;fm=webp&amp;max-h=210&amp;max-w=207690 960w,https://www.datocms-assets.com/24293/1734263244-14389b2fd0a993b839ad359d2405a7a1ff439f76-1966x1229.png?dpr=0.75&amp;fm=webp&amp;max-h=315&amp;max-w=311535 1440w,https://www.datocms-assets.com/24293/1734263244-14389b2fd0a993b839ad359d2405a7a1ff439f76-1966x1229.png?fm=webp&amp;max-h=420&amp;max-w=645 1920w",160 €
LaMelo x Puma MB.01 'Alien Safari',Do. 09. Jan. 2025 – 23:00,"https://www.datocms-assets.com/24293/1736346129-puma-x-lamelo-ball-mb-01-alien-safari-01-edited.png?dpr=0.25&amp;fm=webp&amp;max-h=105&amp;max-w=103845 182w,https://www.datocms-assets.com/24293/1736346129-puma-x-lamelo-ball-mb-01-alien-safari-01-edited.png?dpr=0.5&amp;fm=webp&amp;max-h=210&amp;max-w=207690 365w,https://www.datocms-assets.com/24293/1736346129-puma-x-lamelo-ball-mb-01-alien-safari-01-edited.png?dpr=0.75&amp;fm=webp&amp;max-h=315&amp;max-w=311535 547w,https://www.datocms-assets.com/24293/1736346129-puma-x-lamelo-ball-mb-01-alien-safari-01-edited.png?fm=webp&amp;max-h=420&amp;max-w=645 730w",170 €
OTTO 958 x Asics Protoblast-CMLVIII 'Noble Green',Do. 09. Jan. 2025 – 23:00,"https://www.datocms-assets.com/24293/1736093638-bildschirmfoto-2025-01-05-um-17-13-16.png?dpr=0.25&amp;fm=webp&amp;max-h=105&amp;max-w=103845 349w,https://www.datocms-assets.com/24293/1736093638-bildschirmfoto-2025-01-05-um-17-13-16.png?dpr=0.5&amp;fm=webp&amp;max-h=210&amp;max-w=207690 698w,https://www.datocms-assets.com/24293/1736093638-bildschirmfoto-2025-01-05-um-17-13-16.png?dpr=0.75&amp;fm=webp&amp;max-h=315&amp;max-w=311535 1047w,https://www.datocms-assets.com/24293/1736093638-bildschirmfoto-2025-01-05-um-17-13-16.png?fm=webp&amp;max-h=420&amp;max-w=645 1396w",220 €
Asics JOG 100S 'Greige',Do. 09. Jan. 2025 – 23:00,"https://www.datocms-assets.com/24293/1736258685-bildschirmfoto-2025-01-07-um-15-02-06.png?dpr=0.25&amp;fm=webp&amp;max-h=105&amp;max-w=103845 449w,https://www.datocms-assets.com/24293/1736258685-bildschirmfoto-2025-01-07-um-15-02-06.png?dpr=0.5&amp;fm=webp&amp;max-h=210&amp;max-w=207690 899w,https://www.datocms-assets.com/24293/1736258685-bildschirmfoto-2025-01-07-um-15-02-06.png?dpr=0.75&amp;fm=webp&amp;max-h=315&amp;max-w=311535 1348w,https://www.datocms-assets.com/24293/1736258685-bildschirmfoto-2025-01-07-um-15-02-06.png?fm=webp&amp;max-h=420&amp;max-w=645 1798w",100 €
Asics JOG 100S 'Oatmeal',Do. 09. Jan. 2025 – 23:00,"https://www.datocms-assets.com/24293/1736184117-bildschirmfoto-2025-01-06-um-18-20-26.png?dpr=0.25&amp;fm=webp&amp;max-h=105&amp;max-w=103845 325w,https://www.datocms-assets.com/24293/1736184117-bildschirmfoto-2025-01-06-um-18-20-26.png?dpr=0.5&amp;fm=webp&amp;max-h=210&amp;max-w=207690 650w,https://www.datocms-assets.com/24293/1736184117-bildschirmfoto-2025-01-06-um-18-20-26.png?dpr=0.75&amp;fm=webp&amp;max-h=315&amp;max-w=311535 975w,https://www.datocms-assets.com/24293/1736184117-bildschirmfoto-2025-01-06-um-18-20-26.png?fm=webp&amp;max-h=420&amp;max-w=645 1300w",100 €
Asics JOG 100S 'Lichen Rock',Do. 09. Jan. 2025 – 23:00,"https://www.datocms-assets.com/24293/1736184475-bildschirmfoto-2025-01-06-um-18-27-21.png?dpr=0.25&amp;fm=webp&amp;max-h=105&amp;max-w=103845 314w,https://www.datocms-assets.com/24293/1736184475-bildschirmfoto-2025-01-06-um-18-27-21.png?dpr=0.5&amp;fm=webp&amp;max-h=210&amp;max-w=207690 629w,https://www.datocms-assets.com/24293/1736184475-bildschirmfoto-2025-01-06-um-18-27-21.png?dpr=0.75&amp;fm=webp&amp;max-h=315&amp;max-w=311535 943w,https://www.datocms-assets.com/24293/1736184475-bildschirmfoto-2025-01-06-um-18-27-21.png?fm=webp&amp;max-h=420&amp;max-w=645 1258w",100 €
Asics JOG 100S 'Carrier Grey',Do. 09. Jan. 2025 – 23:00,"https://www.datocms-assets.com/24293/1736184805-bildschirmfoto-2025-01-06-um-18-32-52.png?dpr=0.25&amp;fm=webp&amp;max-h=105&amp;max-w=103845 321w,https://www.datocms-assets.com/24293/1736184805-bildschirmfoto-2025-01-06-um-18-32-52.png?dpr=0.5&amp;fm=webp&amp;max-h=210&amp;max-w=207690 643w,https://www.datocms-assets.com/24293/1736184805-bildschirmfoto-2025-01-06-um-18-32-52.png?dpr=0.75&amp;fm=webp&amp;max-h=315&amp;max-w=311535 964w,https://www.datocms-assets.com/24293/1736184805-bildschirmfoto-2025-01-06-um-18-32-52.png?fm=webp&amp;max-h=420&amp;max-w=645 1286w",100 €
Nike SB Dunk Low 'Dark Smoke Grey',Fr. 10. Jan. 2025 – 08:00,"https://www.datocms-assets.com/24293/1732152612-nike-sb-dunk-low-dark-smoke-grey-release-heat-mvmnt-1.png?dpr=0.25&amp;fm=webp&amp;max-h=105&amp;max-w=103845 322w,https://www.datocms-assets.com/24293/1732152612-nike-sb-dunk-low-dark-smoke-grey-release-heat-mvmnt-1.png?dpr=0.5&amp;fm=webp&amp;max-h=210&amp;max-w=207690 645w,https://www.datocms-assets.com/24293/1732152612-nike-sb-dunk-low-dark-smoke-grey-release-heat-mvmnt-1.png?dpr=0.75&amp;fm=webp&amp;max-h=315&amp;max-w=311535 967w,https://www.datocms-assets.com/24293/1732152612-nike-sb-dunk-low-dark-smoke-grey-release-heat-mvmnt-1.png?fm=webp&amp;max-h=420&amp;max-w=645 1290w",120 €
Air Jordan 3 Retro 'Black Cat',Sa. 11. Jan. 2025 – 08:00,"https://www.datocms-assets.com/24293/1735381612-0bd646cf38f2573053252eafaa6907e2c0b9978e-1966x1229.png?dpr=0.25&amp;fm=webp&amp;max-h=105&amp;max-w=103845 480w,https://www.datocms-assets.com/24293/1735381612-0bd646cf38f2573053252eafaa6907e2c0b9978e-1966x1229.png?dpr=0.5&amp;fm=webp&amp;max-h=210&amp;max-w=207690 960w,https://www.datocms-assets.com/24293/1735381612-0bd646cf38f2573053252eafaa6907e2c0b9978e-1966x1229.png?dpr=0.75&amp;fm=webp&amp;max-h=315&amp;max-w=311535 1440w,https://www.datocms-assets.com/24293/1735381612-0bd646cf38f2573053252eafaa6907e2c0b9978e-1966x1229.png?fm=webp&amp;max-h=420&amp;max-w=645 1920w",210 €
Hidden NY x Asics Gel-Venture 6 Shield 'Wasabi',So. 12. Jan. 2025 – 23:00,"https://www.datocms-assets.com/24293/1734459135-11.png?dpr=0.25&amp;fm=webp&amp;max-h=105&amp;max-w=103845 322w,https://www.datocms-assets.com/24293/1734459135-11.png?dpr=0.5&amp;fm=webp&amp;max-h=210&amp;max-w=207690 645w,https://www.datocms-assets.com/24293/1734459135-11.png?dpr=0.75&amp;fm=webp&amp;max-h=315&amp;max-w=311535 967w,https://www.datocms-assets.com/24293/1734459135-11.png?fm=webp&amp;max-h=420&amp;max-w=645 1290w",160 €
Nike Mac Attack 'Year of the Snake',Mo. 13. Jan. 2025 – 08:00,"https://www.datocms-assets.com/24293/1736213413-nike-mac-attack-year-of-the-snake-release-heat-mvmnt-1.png?dpr=0.25&amp;fm=webp&amp;max-h=105&amp;max-w=103845 200w,https://www.datocms-assets.com/24293/1736213413-nike-mac-attack-year-of-the-snake-release-heat-mvmnt-1.png?dpr=0.5&amp;fm=webp&amp;max-h=210&amp;max-w=207690 400w,https://www.datocms-assets.com/24293/1736213413-nike-mac-attack-year-of-the-snake-release-heat-mvmnt-1.png?dpr=0.75&amp;fm=webp&amp;max-h=315&amp;max-w=311535 600w,https://www.datocms-assets.com/24293/1736213413-nike-mac-attack-year-of-the-snake-release-heat-mvmnt-1.png?fm=webp&amp;max-h=420&amp;max-w=645 800w",140 €
Nike Zoom Vomero 5 'Cave Stone',Di. 14. Jan. 2025 – 08:00,"https://www.datocms-assets.com/24293/1736213434-nike-zoom-vomero-5-cave-stone-release-heat-mvmnt-1.png?dpr=0.25&amp;fm=webp&amp;max-h=105&amp;max-w=103845 200w,https://www.datocms-assets.com/24293/1736213434-nike-zoom-vomero-5-cave-stone-release-heat-mvmnt-1.png?dpr=0.5&amp;fm=webp&amp;max-h=210&amp;max-w=207690 400w,https://www.datocms-assets.com/24293/1736213434-nike-zoom-vomero-5-cave-stone-release-heat-mvmnt-1.png?dpr=0.75&amp;fm=webp&amp;max-h=315&amp;max-w=311535 600w,https://www.datocms-assets.com/24293/1736213434-nike-zoom-vomero-5-cave-stone-release-heat-mvmnt-1.png?fm=webp&amp;max-h=420&amp;max-w=645 800w",160 €
New Balance 1906L 'Silver Metallic',Di. 14. Jan. 2025 – 23:00,"https://www.datocms-assets.com/24293/1736341805-bildschirmfoto-2025-01-08-um-14-08-58.png?dpr=0.25&amp;fm=webp&amp;max-h=105&amp;max-w=103845 426w,https://www.datocms-assets.com/24293/1736341805-bildschirmfoto-2025-01-08-um-14-08-58.png?dpr=0.5&amp;fm=webp&amp;max-h=210&amp;max-w=207690 853w,https://www.datocms-assets.com/24293/1736341805-bildschirmfoto-2025-01-08-um-14-08-58.png?dpr=0.75&amp;fm=webp&amp;max-h=315&amp;max-w=311535 1279w,https://www.datocms-assets.com/24293/1736341805-bildschirmfoto-2025-01-08-um-14-08-58.png?fm=webp&amp;max-h=420&amp;max-w=645 1706w",140 €
New Balance 1906L 'Dark Juniper',Di. 14. Jan. 2025 – 23:00,"https://www.datocms-assets.com/24293/1735840229-new-balance-1906-loafer-u1906loa-3.png?dpr=0.25&amp;fm=webp&amp;max-h=105&amp;max-w=103845 300w,https://www.datocms-assets.com/24293/1735840229-new-balance-1906-loafer-u1906loa-3.png?dpr=0.5&amp;fm=webp&amp;max-h=210&amp;max-w=207690 600w,https://www.datocms-assets.com/24293/1735840229-new-balance-1906-loafer-u1906loa-3.png?dpr=0.75&amp;fm=webp&amp;max-h=315&amp;max-w=311535 900w,https://www.datocms-assets.com/24293/1735840229-new-balance-1906-loafer-u1906loa-3.png?fm=webp&amp;max-h=420&amp;max-w=645 1200w",140 €
Nike Gato 'Coastal Blue',Mi. 15. Jan. 2025 – 08:00,"https://www.datocms-assets.com/24293/1736171578-h4v7cooeh2w1hqhdokcs_hq6020-400-nike-gato-coastal-blue-white-gum-light-brown-os-1_768x768-edited.png?dpr=0.25&amp;fm=webp&amp;max-h=105&amp;max-w=103845 192w,https://www.datocms-assets.com/24293/1736171578-h4v7cooeh2w1hqhdokcs_hq6020-400-nike-gato-coastal-blue-white-gum-light-brown-os-1_768x768-edited.png?dpr=0.5&amp;fm=webp&amp;max-h=210&amp;max-w=207690 384w,https://www.datocms-assets.com/24293/1736171578-h4v7cooeh2w1hqhdokcs_hq6020-400-nike-gato-coastal-blue-white-gum-light-brown-os-1_768x768-edited.png?dpr=0.75&amp;fm=webp&amp;max-h=315&amp;max-w=311535 576w,https://www.datocms-assets.com/24293/1736171578-h4v7cooeh2w1hqhdokcs_hq6020-400-nike-gato-coastal-blue-white-gum-light-brown-os-1_768x768-edited.png?fm=webp&amp;max-h=420&amp;max-w=645 768w",110 €
Nike Gato 'Bordeaux',Mi. 15. Jan. 2025 – 08:00,"https://www.datocms-assets.com/24293/1735954230-nike-gato-bordeaux-release-heat-mvmnt-1.png?dpr=0.25&amp;fm=webp&amp;max-h=105&amp;max-w=103845 320w,https://www.datocms-assets.com/24293/1735954230-nike-gato-bordeaux-release-heat-mvmnt-1.png?dpr=0.5&amp;fm=webp&amp;max-h=210&amp;max-w=207690 640w,https://www.datocms-assets.com/24293/1735954230-nike-gato-bordeaux-release-heat-mvmnt-1.png?dpr=0.75&amp;fm=webp&amp;max-h=315&amp;max-w=311535 960w,https://www.datocms-assets.com/24293/1735954230-nike-gato-bordeaux-release-heat-mvmnt-1.png?fm=webp&amp;max-h=420&amp;max-w=645 1280w",110 €
Nike Shox Ride 2 'Light Graphite',Do. 16. Jan. 2025 – 08:00,"https://www.datocms-assets.com/24293/1735954276-nike-shox-ride-2-light-graphite-release-heat-mvmnt-1.png?dpr=0.25&amp;fm=webp&amp;max-h=105&amp;max-w=103845 304w,https://www.datocms-assets.com/24293/1735954276-nike-shox-ride-2-light-graphite-release-heat-mvmnt-1.png?dpr=0.5&amp;fm=webp&amp;max-h=210&amp;max-w=207690 609w,https://www.datocms-assets.com/24293/1735954276-nike-shox-ride-2-light-graphite-release-heat-mvmnt-1.png?dpr=0.75&amp;fm=webp&amp;max-h=315&amp;max-w=311535 914w,https://www.datocms-assets.com/24293/1735954276-nike-shox-ride-2-light-graphite-release-heat-mvmnt-1.png?fm=webp&amp;max-h=420&amp;max-w=645 1219w",180 €
Nike Air Force 1 Low 'All-Star',Do. 16. Jan. 2025 – 08:00,"https://www.datocms-assets.com/24293/1735263042-nike-air-force-1-low-all-star-release-heat-mvmnt-1.png?dpr=0.25&amp;fm=webp&amp;max-h=105&amp;max-w=103845 322w,https://www.datocms-assets.com/24293/1735263042-nike-air-force-1-low-all-star-release-heat-mvmnt-1.png?dpr=0.5&amp;fm=webp&amp;max-h=210&amp;max-w=207690 645w,https://www.datocms-assets.com/24293/1735263042-nike-air-force-1-low-all-star-release-heat-mvmnt-1.png?dpr=0.75&amp;fm=webp&amp;max-h=315&amp;max-w=311535 967w,https://www.datocms-assets.com/24293/1735263042-nike-air-force-1-low-all-star-release-heat-mvmnt-1.png?fm=webp&amp;max-h=420&amp;max-w=645 1290w",150 €
Crocs Classic Quiet Clog 'Black Sand',Do. 16. Jan. 2025 – 11:00,"https://www.datocms-assets.com/24293/1732798757-image-edited.png?dpr=0.25&amp;fm=webp&amp;max-h=105&amp;max-w=103845 400w,https://www.datocms-assets.com/24293/1732798757-image-edited.png?dpr=0.5&amp;fm=webp&amp;max-h=210&amp;max-w=207690 800w,https://www.datocms-assets.com/24293/1732798757-image-edited.png?dpr=0.75&amp;fm=webp&amp;max-h=315&amp;max-w=311535 1200w,https://www.datocms-assets.com/24293/1732798757-image-edited.png?fm=webp&amp;max-h=420&amp;max-w=645 1600w",90 €
Asics Gel-Kayano 20 'Blue Neptune',Do. 16. Jan. 2025 – 23:00,"https://www.datocms-assets.com/24293/1736096063-bildschirmfoto-2025-01-05-um-17-53-48.png?dpr=0.25&amp;fm=webp&amp;max-h=105&amp;max-w=103845 323w,https://www.datocms-assets.com/24293/1736096063-bildschirmfoto-2025-01-05-um-17-53-48.png?dpr=0.5&amp;fm=webp&amp;max-h=210&amp;max-w=207690 647w,https://www.datocms-assets.com/24293/1736096063-bildschirmfoto-2025-01-05-um-17-53-48.png?dpr=0.75&amp;fm=webp&amp;max-h=315&amp;max-w=311535 970w,https://www.datocms-assets.com/24293/1736096063-bildschirmfoto-2025-01-05-um-17-53-48.png?fm=webp&amp;max-h=420&amp;max-w=645 1294w",180 €
Asics Gel-Kayano 20 'Blue Neptune',Do. 16. Jan. 2025 – 23:00,"https://www.datocms-assets.com/24293/1736096063-bildschirmfoto-2025-01-05-um-17-53-48.png?dpr=0.25&amp;fm=webp&amp;max-h=105&amp;max-w=103845 323w,https://www.datocms-assets.com/24293/1736096063-bildschirmfoto-2025-01-05-um-17-53-48.png?dpr=0.5&amp;fm=webp&amp;max-h=210&amp;max-w=207690 647w,https://www.datocms-assets.com/24293/1736096063-bildschirmfoto-2025-01-05-um-17-53-48.png?dpr=0.75&amp;fm=webp&amp;max-h=315&amp;max-w=311535 970w,https://www.datocms-assets.com/24293/1736096063-bildschirmfoto-2025-01-05-um-17-53-48.png?fm=webp&amp;max-h=420&amp;max-w=645 1294w",180 €
Jordan Flight Court 'Beige Royal',Fr. 17. Jan. 2025 – 08:00,"https://www.datocms-assets.com/24293/1736156994-sneakers-jordan-flight-court-hf3255-005-0-edited.png?dpr=0.25&amp;fm=webp&amp;max-h=105&amp;max-w=103845 210w,https://www.datocms-assets.com/24293/1736156994-sneakers-jordan-flight-court-hf3255-005-0-edited.png?dpr=0.5&amp;fm=webp&amp;max-h=210&amp;max-w=207690 420w,https://www.datocms-assets.com/24293/1736156994-sneakers-jordan-flight-court-hf3255-005-0-edited.png?dpr=0.75&amp;fm=webp&amp;max-h=315&amp;max-w=311535 630w,https://www.datocms-assets.com/24293/1736156994-sneakers-jordan-flight-court-hf3255-005-0-edited.png?fm=webp&amp;max-h=420&amp;max-w=645 840w",110 €
Jordan Flight Court 'Bred Gum',Fr. 17. Jan. 2025 – 08:00,"https://www.datocms-assets.com/24293/1736156146-sneakers-jordan-flight-court-hf3255-001-0-edited.png?dpr=0.25&amp;fm=webp&amp;max-h=105&amp;max-w=103845 210w,https://www.datocms-assets.com/24293/1736156146-sneakers-jordan-flight-court-hf3255-001-0-edited.png?dpr=0.5&amp;fm=webp&amp;max-h=210&amp;max-w=207690 420w,https://www.datocms-assets.com/24293/1736156146-sneakers-jordan-flight-court-hf3255-001-0-edited.png?dpr=0.75&amp;fm=webp&amp;max-h=315&amp;max-w=311535 630w,https://www.datocms-assets.com/24293/1736156146-sneakers-jordan-flight-court-hf3255-001-0-edited.png?fm=webp&amp;max-h=420&amp;max-w=645 840w",110 €
Nike Air Max SNDR Gore-Tex 'Bold Berry',Sa. 18. Jan. 2025 – 08:00,"https://www.datocms-assets.com/24293/1735954253-nike-air-max-sndr-gore-tex-bold-berry-release-heat-mvmnt-1.png?dpr=0.25&amp;fm=webp&amp;max-h=105&amp;max-w=103845 320w,https://www.datocms-assets.com/24293/1735954253-nike-air-max-sndr-gore-tex-bold-berry-release-heat-mvmnt-1.png?dpr=0.5&amp;fm=webp&amp;max-h=210&amp;max-w=207690 640w,https://www.datocms-assets.com/24293/1735954253-nike-air-max-sndr-gore-tex-bold-berry-release-heat-mvmnt-1.png?dpr=0.75&amp;fm=webp&amp;max-h=315&amp;max-w=311535 960w,https://www.datocms-assets.com/24293/1735954253-nike-air-max-sndr-gore-tex-bold-berry-release-heat-mvmnt-1.png?fm=webp&amp;max-h=420&amp;max-w=645 1280w",200 €
Birkenstock Tokio ll Suede Leather 'Taupe',Do. 30. Jan. 2025 – 23:00,"https://www.datocms-assets.com/24293/1736153904-asdfg-edited.png?dpr=0.25&amp;fm=webp&amp;max-h=105&amp;max-w=103845 290w,https://www.datocms-assets.com/24293/1736153904-asdfg-edited.png?dpr=0.5&amp;fm=webp&amp;max-h=210&amp;max-w=207690 580w,https://www.datocms-assets.com/24293/1736153904-asdfg-edited.png?dpr=0.75&amp;fm=webp&amp;max-h=315&amp;max-w=311535 870w,https://www.datocms-assets.com/24293/1736153904-asdfg-edited.png?fm=webp&amp;max-h=420&amp;max-w=645 1160w",160 €
Birkenstock Tokio ll Suede Leather 'Black',Do. 30. Jan. 2025 – 23:00,"https://www.datocms-assets.com/24293/1736152393-image-edited.png?dpr=0.25&amp;fm=webp&amp;max-h=105&amp;max-w=103845 290w,https://www.datocms-assets.com/24293/1736152393-image-edited.png?dpr=0.5&amp;fm=webp&amp;max-h=210&amp;max-w=207690 580w,https://www.datocms-assets.com/24293/1736152393-image-edited.png?dpr=0.75&amp;fm=webp&amp;max-h=315&amp;max-w=311535 870w,https://www.datocms-assets.com/24293/1736152393-image-edited.png?fm=webp&amp;max-h=420&amp;max-w=645 1160w",160 €
